ACCTTTAAGGGATACC-1	16.0
AGAGCTTCAGACGCCT-1	16.1
AGCCTAAGTTACGGAG-1	16.0
CAGATCACAGGCAGTA-1	16.0
CCACTACAGATCCTGT-1	16.1
CGTTGGGGTCAAAGCG-1	16.1
CTGTGCTTCACAAACC-1	16.0
TACGGATCATGCTAGT-1	16.0
TCTGAGATCACCAGGC-1	16.0
TGGCTGGTCCAGAAGG-1	16.0
TTCCCAGAGGTCGGAT-1	16.0
ACCTTTAAGGGTGTGT-2	16.0
ACGCAGCAGACCTTTG-2	16.1
AGCAGCCCAATAGAGT-2	16.1
ATTGGTGCACATTAGC-2	16.1
CAGAGAGTCTTGTTTG-2	16.0
CAGGTGCTCCGTACAA-2	16.0
CCACTACGTCCATGAT-2	16.0
TGACTAGCATTAGCCA-2	16.1
TGCTGCTGTACCATCA-2	16.1
ACGATGTAGTCCCACG-3	16.0
ACGGCCACATGTTGAC-3	16.0
ATAACGCAGGAGTTGC-3	16.1
ATTGGTGTCAAGATCC-3	16.0
CCTACACGTACATCCA-3	16.0
CCTAGCTTCCGAGCCA-3	16.0
CGACTTCTCTGCTTGC-3	16.0
CGAGCCATCATGTAGC-3	16.1
CGTCAGGGTTGAACTC-3	16.0
CTGATCCGTATCACCA-3	16.1
GATCAGTAGCTACCGC-3	16.1
GCAATCATCGCCTGTT-3	16.1
GTAGGCCAGAATTGTG-3	16.0
GTGCATACAGTCAGCC-3	16.1
GTGTTAGAGTACGCGA-3	16.1
TGAGAGGAGGCTAGAC-3	16.1
TGGTTCCGTCAATACC-3	16.0
TGTCCCAGTAACGCGA-3	16.0
AACACGTGTGCCTGTG-1	22.1
AAGTCTGCACTTGGAT-1	22.0
ACTGAGTTCAATCACG-1	22.1
ACTTACTCAATGAATG-1	22.2
ATGTGTGGTCTGATCA-1	22.0
CATATTCCAACACGCC-1	22.1
CCCATACGTCAACATC-1	22.1
CGGAGCTTCAACGGCC-1	22.0
CGTCCATGTAGCAAAT-1	22.1
GACCAATGTAGATTAG-1	22.0
GACTACAAGTCTTGCA-1	22.1
TACCTTATCGATCCCT-1	22.0
TACGGATAGGATGGTC-1	22.1
TGGTTAGTCTGCCAGG-1	22.2
TGTGGTAGTGGGTCAA-1	22.0
TTGACTTTCGTCCGTT-1	22.0
AAGTCTGGTCTTCAAG-2	22.0
AGGGAGTAGGACAGCT-2	22.0
ATCACGACAAGGTTCT-2	22.0
ATGTGTGAGTGGGCTA-2	22.1
CACACTCGTGGTCCGT-2	22.0
TACCTTAAGGTGCACA-2	22.2
TACGGGCTCCTGTAGA-2	22.1
TGTCCCAGTCTAGCGC-2	22.2
TTTATGCGTTCGTTGA-2	22.2
ACACTGAGTAGATTAG-3	22.0
AGGGATGTCCTAGAAC-3	22.0
GAATGAAGTTATCACG-3	22.1
GATCGTAAGGGCTCTC-3	22.1
GCATGATCATCCTTGC-3	22.0
GCTGCTTTCTGAAAGA-3	22.1
GGAACTTGTATATGGA-3	22.0
GGACATTGTGTTTGTG-3	22.2
GGATTACAGGCCCTTG-3	22.1
AAACGGGAGCGCCTTG-1	11
AAACGGGTCACTTATC-1	1
AAAGATGCATATACCG-1	33
AAAGCAAGTCCATCCT-1	0
AAATGCCAGGTTCCTA-1	10
AACCATGCAGAAGCAC-1	19
AACCATGGTACAAGTA-1	5
AACCATGTCTTATCTG-1	30
AACCGCGAGCCCTAAT-1	17
AACTCCCCAGGAATCG-1	12
AACTCTTAGACTAGGC-1	17
AACTCTTAGCCGGTAA-1	35
AAGACCTAGCTAGCCC-1	2
AAGACCTGTGGCGAAT-1	11
AAGACCTTCAGGCAAG-1	15
AAGACCTTCCTAGAAC-1	37
AAGGAGCGTTGGGACA-1	4
AAGGCAGGTTATCGGT-1	32
AAGGCAGTCAAACCAC-1	6
AAGGTTCAGGACTGGT-1	32
AAGGTTCGTCTTCAAG-1	24
AAGTCTGTCGTTGACA-1	6
AATCGGTCACGCTTTC-1	20
AATCGGTGTAGCGTGA-1	3
ACACCAACAACTGGCC-1	6
ACACCAATCACCGTAA-1	19
ACACCCTAGCTGCGAA-1	9
ACACTGAAGATATGGT-1	4
ACACTGACACGACTCG-1	29
ACACTGAGTTACCGAT-1	17
ACAGCCGGTCTGGAGA-1	0
ACAGCTAAGACATAAC-1	0
ACAGCTAGTCGCATAT-1	15
ACAGCTAGTCTCTCTG-1	21
ACATCAGGTAGGGACT-1	2
ACATCAGGTTGAGTTC-1	23
ACCCACTCAGGACGTA-1	25
ACCCACTTCACAGTAC-1	21
ACCGTAATCAGCAACT-1	25
ACGAGCCGTTCAACCA-1	15
ACGAGGAAGTTACCCA-1	8
ACGAGGATCCATGAAC-1	3
ACGATACTCTAACTGG-1	0
ACGATGTGTGGCAAAC-1	18
ACGATGTTCACCGTAA-1	0
ACGATGTTCACGCGGT-1	17
ACGCCAGGTATCACCA-1	15
ACGCCGACAAATTGCC-1	17
ACGCCGACACTATCTT-1	37
ACGGAGAAGTCGCCGT-1	10
ACGGCCACACAGACAG-1	19
ACGGCCACAGGAATCG-1	12
ACGGCCATCTTGCATT-1	17
ACGGGCTGTAGCGCTC-1	7
ACGGGCTGTGTGGTTT-1	19
ACGGGCTTCACCCTCA-1	6
ACGGGCTTCGCTTAGA-1	4
ACTATCTCACGGTGTC-1	5
ACTGAACCATATGGTC-1	21
ACTGAACGTGATGTGG-1	12
ACTGAACTCTTACCTA-1	11
ACTGAGTAGACCTAGG-1	10
ACTGAGTAGGGCATGT-1	2
ACTGATGAGCTCTCGG-1	13
ACTGCTCAGGATGGAA-1	11
ACTGCTCTCGTGACAT-1	18
ACTGTCCAGGATATAC-1	1
ACTGTCCCACGGTTTA-1	9
ACTGTCCGTCACTGGC-1	11
ACTGTCCGTTTCGCTC-1	26
ACTGTCCTCATCACCC-1	33
ACTGTCCTCCAAACAC-1	15
ACTTACTAGTGGAGTC-1	4
ACTTACTTCCTTTACA-1	3
ACTTTCAAGGACATTA-1	5
AGACGTTCACATGGGA-1	36
AGACGTTCACCCTATC-1	35
AGACGTTCACCGCTAG-1	19
AGACGTTGTCGAATCT-1	27
AGACGTTGTTGACGTT-1	5
AGACGTTTCTGTTTGT-1	0
AGAGCTTAGATAGGAG-1	0
AGAGCTTCACATCCAA-1	19
AGAGTGGAGATCACGG-1	11
AGATCTGGTTCCGGCA-1	25
AGATTGCGTATCAGTC-1	12
AGCAGCCGTAGAGTGC-1	5
AGCAGCCGTATAGTAG-1	33
AGCATACAGGCTAGCA-1	28
AGCATACCAGACGCCT-1	5
AGCCTAACAGTATAAG-1	12
AGCGGTCCATTCTTAC-1	10
AGCGTATTCAACACGT-1	14
AGCGTCGCATCGATGT-1	2
AGCGTCGTCACCACCT-1	11
AGCGTCGTCAGTCCCT-1	1
AGCTCTCTCATCGCTC-1	8
AGGGTGAAGGGATCTG-1	15
AGGTCATTCTACGAGT-1	12
AGGTCCGCAATTGCTG-1	0
AGGTCCGGTCACTGGC-1	31
AGGTCCGTCACTTATC-1	25
AGTAGTCCAAGTTAAG-1	5
AGTCTTTAGGGTCGAT-1	4
AGTGAGGAGGGTGTGT-1	1
AGTGAGGGTAAGAGGA-1	20
AGTGTCATCAAGCCTA-1	17
ATAGACCGTTGCGTTA-1	0
ATAGACCTCCAATGGT-1	31
ATCATCTCACCGAAAG-1	17
ATCCACCAGGCGACAT-1	17
ATCCGAATCAGAAATG-1	21
ATCGAGTGTATAAACG-1	3
ATCTACTAGCAGGCTA-1	13
ATCTACTTCAAACCGT-1	9
ATCTGCCCAATGGACG-1	13
ATGAGGGCAGTGAGTG-1	19
ATGAGGGGTAGGGTAC-1	10
ATGAGGGTCAAACAAG-1	5
ATGCGATAGCTCTCGG-1	6
ATGCGATGTGCTGTAT-1	11
ATGCGATTCTGACCTC-1	21
ATGCGATTCTGCTGTC-1	9
ATGGGAGAGTGCCATT-1	7
ATGGGAGTCTTGTCAT-1	5
ATTACTCAGCCGTCGT-1	3
ATTACTCGTTTGGCGC-1	10
ATTATCCGTACACCGC-1	8
ATTCTACGTCCGAATT-1	19
ATTGGACCACAGGAGT-1	1
ATTGGTGCAGTCTTCC-1	14
ATTTCTGAGTCGATAA-1	28
ATTTCTGCAGTGGGAT-1	0
CAACCAAAGCACACAG-1	21
CAACCAACACGCCAGT-1	13
CAACCAAGTGCTCTTC-1	12
CAACCTCAGTTCGATC-1	2
CAACCTCGTTAAGTAG-1	31
CAACCTCGTTGATTCG-1	13
CAACTAGAGCTTCGCG-1	1
CAACTAGTCCCAACGG-1	6
CAAGAAATCAACCAAC-1	0
CAAGAAATCACAAACC-1	2
CAAGAAATCATGTGGT-1	11
CAAGTTGAGGACACCA-1	0
CAAGTTGTCTCCTATA-1	34
CACAAACAGAATCTCC-1	1
CACAAACAGTATCGAA-1	9
CACAAACTCTCGCTTG-1	29
CACACCTAGAGCTTCT-1	15
CACACTCAGCCTCGTG-1	8
CACAGGCAGAAACCTA-1	27
CACAGTAAGATGTTAG-1	4
CACATAGCAAGCTGAG-1	4
CACATAGCAGTCCTTC-1	23
CACATTTCAATAGAGT-1	9
CACATTTTCCATGAAC-1	3
CACCACTGTCACTGGC-1	17
CACTCCAGTTAGGGTG-1	4
CAGAATCTCTGCTTGC-1	4
CAGAGAGTCGGCGCAT-1	6
CAGATCACATCGGAAG-1	1
CAGCAGCTCCTTGCCA-1	4
CAGCATAAGATGTTAG-1	14
CAGCATAAGGTTCCTA-1	11
CAGCATAGTCTAAAGA-1	24
CAGCATATCAACACCA-1	25
CAGCCGAGTATAGGTA-1	8
CAGCGACAGCGCCTCA-1	33
CAGCGACAGTTTGCGT-1	11
CAGCTAAAGAGTCGGT-1	25
CAGCTAAAGTTACGGG-1	31
CAGCTGGGTCAAGCGA-1	0
CAGGTGCGTTCAGACT-1	17
CAGTAACAGTCGTTTG-1	32
CAGTAACCAAGCGAGT-1	19
CAGTAACCAGTTCATG-1	14
CAGTCCTAGGCTACGA-1	37
CATATGGAGCCATCGC-1	17
CATATGGCATGTAGTC-1	2
CATATTCTCTTGACGA-1	28
CATCAAGAGACAATAC-1	21
CATCAAGCACGAAACG-1	14
CATCAAGTCTCTGAGA-1	0
CATCAGAAGCTGCCCA-1	20
CATCAGAAGTGCCAGA-1	10
CATCAGACAATGACCT-1	12
CATCAGACAGGAATCG-1	0
CATCCACTCCTATGTT-1	20
CATCGAACAATGGAAT-1	1
CATCGAATCAATCTCT-1	35
CATCGGGCACACGCTG-1	1
CATGACAAGCCAGTTT-1	9
CATGACAGTTTGACAC-1	10
CATTCGCAGAGGTAGA-1	25
CATTCGCAGCGTTTAC-1	10
CATTCGCCATGGATGG-1	19
CCAATCCAGAGTACAT-1	9
CCACCTAAGAATGTGT-1	34
CCACCTATCGAATCCA-1	4
CCACGGACACACATGT-1	12
CCACTACGTTCGGGCT-1	4
CCAGCGATCGTAGGAG-1	31
CCATGTCCACCGTTGG-1	31
CCATGTCTCGGAAATA-1	30
CCATTCGGTACAGACG-1	0
CCATTCGGTATAGGGC-1	21
CCCAATCCAGACGCTC-1	29
CCCAGTTAGGAGTTTA-1	11
CCCTCCTTCCTGTAGA-1	8
CCGGGATTCAGTTTGG-1	1
CCGGTAGAGACTAAGT-1	10
CCGGTAGCACCATGTA-1	0
CCGGTAGCATGGTTGT-1	5
CCGTACTGTTAAGACA-1	25
CCGTGGAAGCAGGTCA-1	25
CCGTTCAGTACAGTTC-1	4
CCTACCACAGGATTGG-1	6
CCTACCATCCTAGAAC-1	13
CCTATTATCTGCCCTA-1	15
CCTCAGTCATCACAAC-1	10
CCTCAGTTCGGTTCGG-1	4
CCTCTGACATCGGACC-1	3
CCTCTGAGTACCGTAT-1	9
CCTTCCCAGGATGGTC-1	6
CCTTCCCCAGCTGGCT-1	17
CCTTCCCTCACCAGGC-1	5
CCTTCGAAGACAGACC-1	21
CCTTCGACACTACAGT-1	30
CGAACATTCAACGGCC-1	30
CGAACATTCATAAAGG-1	1
CGACTTCAGGACACCA-1	31
CGACTTCAGGGCACTA-1	0
CGACTTCTCCCATTTA-1	11
CGACTTCTCTGTCAAG-1	3
CGAGAAGGTCCGCTGA-1	13
CGAGCACCAAGACACG-1	2
CGAGCACCAGTATCTG-1	4
CGAGCCACAAGTTAAG-1	1
CGAGCCATCGCCGTGA-1	15
CGATGGCGTCAATACC-1	1
CGATGTACAGTACACT-1	4
CGATGTACATGGAATA-1	19
CGATTGACAAACGTGG-1	35
CGATTGATCAAACAAG-1	26
CGCGGTATCAACTCTT-1	23
CGCGTTTTCGTCCAGG-1	6
CGCTGGACACCAGTTA-1	2
CGGACACCACCATGTA-1	15
CGGACGTGTCCGCTGA-1	13
CGGACGTTCTTCGGTC-1	20
CGGACTGCAGATAATG-1	27
CGGACTGGTTAAGAAC-1	5
CGGAGCTCATGCCTAA-1	2
CGGAGCTTCGCAGGCT-1	5
CGGAGTCAGAGATGAG-1	28
CGGAGTCAGTTATCGC-1	1
CGGAGTCTCATCGATG-1	28
CGGAGTCTCCTCATTA-1	23
CGGCTAGTCTGTCTCG-1	0
CGGGTCAGTCCGAAGA-1	8
CGGGTCATCCAAATGC-1	23
CGTAGGCCACGCTTTC-1	12
CGTAGGCGTCCGTTAA-1	3
CGTCACTCAGGCGATA-1	13
CGTCAGGGTCGGATCC-1	7
CGTCCATCAAGGGTCA-1	11
CGTCTACAGGTGCTAG-1	4
CGTCTACCATACGCCG-1	11
CGTGAGCTCTAGAGTC-1	17
CGTGTCTCACAAGACG-1	20
CGTGTCTGTAAATGTG-1	13
CGTGTCTTCAGTTAGC-1	1
CGTGTCTTCCTCATTA-1	14
CGTGTCTTCGTAGGTT-1	13
CGTTGGGAGGACACCA-1	23
CTAACTTCAAGTAATG-1	8
CTAACTTTCTTCTGGC-1	6
CTAATGGCAAGGACTG-1	26
CTACATTTCACGCGGT-1	18
CTACGTCTCGGATGGA-1	8
CTAGAGTAGAAACGCC-1	7
CTCACACGTAGAGTGC-1	35
CTCACACTCGTCCAGG-1	15
CTCCTAGGTCCCTACT-1	31
CTCCTAGGTTCGTTGA-1	25
CTCCTAGTCAAGCCTA-1	1
CTCCTAGTCACCATAG-1	21
CTCGAAACAAGCTGAG-1	0
CTCGGAGGTCTGCAAT-1	30
CTCGGGACACAGACTT-1	7
CTCGGGACATGCATGT-1	10
CTCGGGAGTGGGTCAA-1	4
CTCGGGATCAAACAAG-1	2
CTCGTACGTTAAGACA-1	19
CTCGTCACACCGAATT-1	1
CTCTACGGTAGCGCAA-1	12
CTCTACGGTCTAAAGA-1	2
CTGAAGTAGTAGCGGT-1	23
CTGAAGTTCACAATGC-1	11
CTGATAGGTAGGGTAC-1	5
CTGATAGGTTGATTGC-1	5
CTGATAGTCCGTAGGC-1	30
CTGATAGTCTTGAGGT-1	31
CTGATCCGTACGCTGC-1	27
CTGCCTATCGGTGTCG-1	13
CTGCGGATCAGGATCT-1	3
CTGCGGATCATGTCCC-1	12
CTGCTGTAGACAGAGA-1	2
CTGCTGTAGGGCTTGA-1	17
CTGGTCTCAGTTTACG-1	23
CTGGTCTTCACCTTAT-1	15
CTGTGCTAGTACTTGC-1	15
CTGTTTACATAACCTG-1	6
CTGTTTAGTCAAGCGA-1	1
CTTAACTGTATTCTCT-1	31
CTTAACTGTTCAACCA-1	6
CTTACCGGTCTAAAGA-1	23
CTTGGCTAGTATTGGA-1	0
GAAACTCCACGACTCG-1	0
GAAACTCTCGACCAGC-1	8
GAAATGAAGAGCTTCT-1	8
GAAATGACACAAGACG-1	8
GAACATCAGCTGCGAA-1	23
GAACATCTCGTTTATC-1	0
GAACATCTCTCCGGTT-1	23
GAACCTACAATAGCAA-1	0
GAACCTACATCCGTGG-1	21
GAACCTACATCGACGC-1	29
GAACCTATCTGTTGAG-1	18
GAACGGAAGTAGATGT-1	3
GAACGGATCGCCTGAG-1	5
GAAGCAGGTCGAGATG-1	2
GAATAAGAGTAGGCCA-1	17
GAATAAGCACGGCTAC-1	6
GAATAAGCATACCATG-1	5
GACACGCCAGCTGGCT-1	28
GACAGAGCAATCGAAA-1	6
GACCAATCACCGTTGG-1	12
GACCTGGAGCTACCGC-1	26
GACGCGTAGTAAGTAC-1	26
GACGCGTCATCTCGCT-1	15
GACGGCTCATAACCTG-1	21
GACGGCTGTAGAGCTG-1	23
GACGTGCCAAACGTGG-1	10
GACGTGCGTATCACCA-1	12
GACGTGCTCAATCACG-1	0
GACGTGCTCGAACGGA-1	21
GACTACAAGTAGGCCA-1	1
GACTGCGCATTCACTT-1	8
GAGCAGACAAACCTAC-1	7
GAGGTGAAGGCTAGGT-1	4
GAGGTGACACATAACC-1	2
GAGGTGATCACCGTAA-1	7
GATCGATAGCCACCTG-1	13
GATCGCGCAAGGCTCC-1	15
GATCGCGGTACCTACA-1	5
GATGAAACACCCATTC-1	2
GATGAAACACGTAAGG-1	26
GATGAAACAGGGTATG-1	19
GATGAAATCGCGTTTC-1	2
GATGAGGGTTATGTGC-1	5
GATGCTATCGAGAACG-1	13
GATTCAGAGACATAAC-1	3
GCACATAAGACCCACC-1	4
GCACATAGTCCATGAT-1	5
GCACATAGTTGCCTCT-1	14
GCACTCTTCACCACCT-1	19
GCAGCCACAAGAAAGG-1	1
GCATACACACCGATAT-1	4
GCATGTAGTGTAACGG-1	8
GCATGTAGTTTGGCGC-1	11
GCCAAATCACAACGCC-1	14
GCCAAATGTCTAGGTT-1	7
GCCTCTACATAAAGGT-1	19
GCGACCAAGATTACCC-1	18
GCGAGAACAAACGCGA-1	14
GCGAGAACACATGACT-1	18
GCGAGAAGTCTGATCA-1	30
GCGAGAATCGCAAGCC-1	28
GCGCAACGTAGCACGA-1	17
GCGCAACGTTTAGCTG-1	13
GCGGGTTGTTACTGAC-1	14
GCTCCTACAAACCTAC-1	23
GCTCCTACAATGACCT-1	10
GCTCTGTCATATGAGA-1	8
GCTGCAGAGCGTTCCG-1	3
GCTGCGATCACTCCTG-1	19
GGAAAGCAGCTGAAAT-1	2
GGAAAGCCAGGACCCT-1	1
GGAATAAAGCTCAACT-1	0
GGACAGAAGGCCCGTT-1	20
GGACATTCAGTATCTG-1	34
GGACGTCAGAGGTACC-1	13
GGACGTCTCTATCCTA-1	21
GGCAATTGTGGCTCCA-1	18
GGCGACTGTGCCTGCA-1	21
GGCGACTGTTCAGTAC-1	15
GGCGTGTAGCTCCTCT-1	11
GGCTCGACATCGACGC-1	11
GGCTGGTCACGTTGGC-1	8
GGGACCTAGAAACCGC-1	9
GGGACCTAGTTGAGAT-1	2
GGGACCTCAAGTAATG-1	13
GGGACCTTCTGCTGCT-1	28
GGGAGATAGCTGAAAT-1	7
GGGAGATTCGGCGCAT-1	18
GGGATGAAGCTAGTGG-1	7
GGGCACTCATCGATGT-1	5
GGGCATCAGGTGACCA-1	26
GGGTTGCTCCGCATAA-1	20
GGTATTGGTCCTCCAT-1	14
GGTGCGTAGTAACCCT-1	3
GTAACGTTCGCACTCT-1	4
GTAACTGCAAACTGCT-1	29
GTAACTGTCGGTTCGG-1	8
GTACTTTGTACGACCC-1	0
GTAGTCACACTTACGA-1	7
GTAGTCACAGGAATCG-1	13
GTAGTCAGTAGGACAC-1	21
GTATCTTGTACCGTTA-1	9
GTATCTTTCATAACCG-1	9
GTATTCTCATGGGAAC-1	0
GTCAAGTAGTGTCTCA-1	6
GTCACAAAGCACCGTC-1	11
GTCACAAAGCCACTAT-1	21
GTCACAATCCAAAGTC-1	20
GTCACGGCATGTCGAT-1	21
GTCATTTAGTAGGTGC-1	12
GTCATTTCATTGGGCC-1	28
GTCCTCAAGGAGTAGA-1	13
GTCGGGTCATACGCCG-1	31
GTCGGGTTCCGAACGC-1	5
GTCGGGTTCTCAACTT-1	0
GTCGTAAAGGGCTCTC-1	11
GTGAAGGAGTTAACGA-1	19
GTGCAGCTCCTTTCTC-1	31
GTGCATAAGGGAAACA-1	20
GTGCGGTAGGCCCTTG-1	10
GTGCGGTTCCCTCAGT-1	19
GTGCGGTTCTTCCTTC-1	10
GTGGGTCTCCGAACGC-1	3
GTGTGCGAGCCCAGCT-1	10
GTGTTAGCACCCTATC-1	21
GTTACAGAGACCGGAT-1	1
GTTCATTAGAGCTGGT-1	13
GTTCATTCAAGCCCAC-1	2
GTTCATTCAATTGCTG-1	1
GTTCATTTCAATCACG-1	26
GTTCATTTCTGCAGTA-1	3
GTTCGGGAGAATCTCC-1	11
GTTCTCGGTGAACCTT-1	12
GTTTCTATCTTGTACT-1	24
TAAACCGAGGGAACGG-1	33
TAAGCGTCACCAGGTC-1	20
TACACGAAGGTGCACA-1	2
TACACGAGTATAGGGC-1	25
TACACGAGTTGTTTGG-1	20
TACCTATCACCCATGG-1	17
TACCTTACAAACTGTC-1	19
TACCTTAGTAAACCTC-1	30
TACCTTATCTGTCTAT-1	18
TACGGTAAGTCGTTTG-1	10
TACTCATAGATAGCAT-1	30
TACTCATCACTTCGAA-1	13
TACTCATTCTTGAGGT-1	29
TACTTACGTGCAGTAG-1	13
TAGACCATCGCCGTGA-1	19
TAGAGCTTCACGCATA-1	13
TAGGCATAGACTGTAA-1	6
TAGGCATTCGGTCTAA-1	2
TATCAGGTCCAAAGTC-1	11
TATCAGGTCGCTTGTC-1	13
TATCTCATCAAAGACA-1	23
TATCTCATCCTACAGA-1	7
TATGCCCCAAACCTAC-1	36
TATGCCCTCACCGTAA-1	6
TATGCCCTCTGCGTAA-1	14
TCAATCTTCATCACCC-1	24
TCACAAGTCTGTTTGT-1	6
TCACGAATCCAAGCCG-1	2
TCAGATGTCTCGGACG-1	30
TCAGATGTCTTTACAC-1	18
TCAGCAAAGATGCGAC-1	0
TCAGCAAGTCAGATAA-1	6
TCAGCAATCCACGCAG-1	29
TCAGCTCCATTTCACT-1	2
TCAGCTCGTGCGCTTG-1	36
TCAGGATAGCCACTAT-1	15
TCAGGATGTACAGCAG-1	15
TCCCGATGTAGGGTAC-1	18
TCGCGTTCAACGATCT-1	26
TCGCGTTCAGATAATG-1	14
TCGGGACCAAAGCGGT-1	0
TCGGGACGTCGAATCT-1	15
TCGGTAAGTGTTCGAT-1	20
TCGGTAATCAAACAAG-1	8
TCGTACCCAATAGCGG-1	7
TCGTACCCACAGACTT-1	20
TCGTACCCAGGAATCG-1	31
TCGTACCGTCATATCG-1	10
TCGTAGACAGATTGCT-1	11
TCTATTGTCGCTTAGA-1	8
TCTGAGACACCGGAAA-1	15
TCTGAGAGTAAGTTCC-1	26
TCTGGAAAGCTGCGAA-1	26
TCTGGAAGTAGCTGCC-1	3
TCTTCGGAGGAGTTGC-1	19
TCTTCGGCAACGCACC-1	14
TGAAAGAAGTAATCCC-1	0
TGAAAGATCGGCCGAT-1	23
TGACAACCATGTAGTC-1	25
TGACGGCTCCTTGACC-1	18
TGACTAGGTCCAAGTT-1	20
TGACTAGTCTTTCCTC-1	23
TGACTTTAGTACTTGC-1	5
TGAGAGGAGCTGCCCA-1	27
TGAGCATCACCCTATC-1	24
TGAGCCGGTCAGATAA-1	10
TGCCCATTCTTTCCTC-1	30
TGCCCTAGTAGGCTGA-1	24
TGCGCAGGTTTGGCGC-1	13
TGCGCAGTCCTTTCTC-1	14
TGCGTGGCAATGGTCT-1	25
TGGACGCAGGATCGCA-1	17
TGGCGCAAGAACAACT-1	5
TGGCTGGCACTAAGTC-1	9
TGGGAAGCAGGTTTCA-1	14
TGGGCGTCAATCCAAC-1	24
TGGGCGTCAGTGGAGT-1	10
TGTCCCAAGCAACGGT-1	4
TGTCCCAAGCTGTCTA-1	4
TGTCCCATCTTTAGTC-1	26
TGTGGTACACTACAGT-1	2
TGTGGTACAGCGATCC-1	9
TGTGGTATCTTGCCGT-1	4
TGTGTTTCACAGAGGT-1	27
TGTGTTTTCGCGATCG-1	12
TTAGGACGTGCCTGGT-1	8
TTAGGCACACCTGGTG-1	15
TTAGTTCGTCACACGC-1	5
TTATGCTTCAATAAGG-1	20
TTCCCAGAGTGGTCCC-1	5
TTCGAAGAGACTGGGT-1	28
TTCGAAGGTGTTTGGT-1	5
TTCTACAAGGCAAAGA-1	8
TTCTCAACATCCAACA-1	20
TTCTCAATCGCGCCAA-1	8
TTCTTAGGTAGCGTGA-1	32
TTGAACGAGGCCCGTT-1	13
TTGAACGGTCGAAAGC-1	20
TTGACTTAGCGTGAAC-1	15
TTGACTTGTTAAGATG-1	3
TTGACTTTCGCCGTGA-1	31
TTGCCGTCACAGCGTC-1	37
TTGCGTCGTAGAAAGG-1	32
TTGGCAAAGTTTCCTT-1	33
TTGTAGGAGTGAATTG-1	17
TTTACTGTCAAGAAGT-1	0
TTTATGCAGTGAACGC-1	6
TTTGTCATCTTGAGAC-1	13
AAACCTGGTGGTTTCA-2	18
AAACGGGGTGAGCGAT-2	7
AAAGTAGAGTTTAGGA-2	2
AAAGTAGCAAGGGTCA-2	31
AAATGCCTCGGTTCGG-2	1
AACACGTGTATATGGA-2	6
AACACGTTCCCTCAGT-2	7
AACCATGTCATCGCTC-2	30
AACCGCGCAATCCAAC-2	4
AACCGCGCATCCTTGC-2	26
AACTCAGAGTGGACGT-2	12
AACTCCCCACCTGGTG-2	23
AACTCCCTCCGTCAAA-2	14
AACTGGTAGCGTCAAG-2	17
AACTGGTCAGGAACGT-2	21
AACTGGTGTCACAAGG-2	15
AAGACCTGTTGTACAC-2	18
AAGGAGCTCATCTGCC-2	37
AAGGAGCTCTTGCAAG-2	4
AAGGTTCAGATCGGGT-2	9
AAGTCTGAGACTTTCG-2	6
AAGTCTGTCAAGAAGT-2	7
AAGTCTGTCCAAATGC-2	30
AATCGGTTCTAACTGG-2	21
ACACCAAGTTGCTCCT-2	36
ACACCCTGTGTGAATA-2	0
ACACCCTTCAACCATG-2	4
ACACCGGAGATGCCTT-2	21
ACACTGAAGGGTATCG-2	1
ACAGCCGAGCTGAAAT-2	27
ACAGCCGAGGTGCTAG-2	5
ACAGCTAGTTACCGAT-2	8
ACATCAGGTCTGCCAG-2	8
ACATGGTCACACTGCG-2	12
ACATGGTCATGGATGG-2	23
ACATGGTTCCGCAAGC-2	17
ACCAGTAAGTACGTAA-2	0
ACCAGTACACCAGCAC-2	8
ACCAGTATCCGTAGTA-2	14
ACCCACTAGCGTAATA-2	1
ACGATACCAAACTGCT-2	2
ACGATACGTGCTAGCC-2	21
ACGATACTCATCATTC-2	0
ACGATGTAGATCCGAG-2	13
ACGATGTCAGATCCAT-2	24
ACGCCAGCAGGAATGC-2	6
ACGCCGACACTAGTAC-2	14
ACGGAGAGTGTTCGAT-2	20
ACGGAGATCGCTAGCG-2	23
ACGGCCATCATGCATG-2	1
ACGGGCTCAATAAGCA-2	9
ACGGGCTCAGAGCCAA-2	9
ACGGGTCTCCGCAGTG-2	9
ACGTCAAAGGTTCCTA-2	0
ACGTCAACAGACGCCT-2	6
ACTATCTCAACTGCGC-2	0
ACTATCTTCAATACCG-2	31
ACTGCTCGTCACCCAG-2	23
ACTGTCCAGGAGTTTA-2	13
ACTTACTTCCATGCTC-2	9
ACTTTCACAGAGTGTG-2	17
AGAATAGAGTTGTAGA-2	2
AGACGTTGTAAAGGAG-2	3
AGACGTTGTAGCGCAA-2	34
AGACGTTTCGCCTGTT-2	12
AGAGCTTAGCGGATCA-2	18
AGAGCTTGTGCAGTAG-2	4
AGAGCTTGTTGGAGGT-2	1
AGAGTGGAGGCTATCT-2	2
AGATCTGTCACAACGT-2	0
AGATTGCAGCGCCTCA-2	24
AGCATACGTTCATGGT-2	14
AGCATACTCTCTAGGA-2	18
AGCCTAACATGCAACT-2	8
AGCCTAATCACCCGAG-2	5
AGCGGTCCATCAGTAC-2	9
AGCGTATGTGAGGGTT-2	8
AGCTCTCAGCTGATAA-2	6
AGCTCTCCAAAGGCGT-2	11
AGGGAGTAGAGGGCTT-2	11
AGGGAGTAGCGTTTAC-2	21
AGGGAGTCACCACGTG-2	6
AGGGATGAGTGTCTCA-2	32
AGGGTGACACTAAGTC-2	15
AGGGTGATCCAATGGT-2	17
AGGTCCGCATGTCTCC-2	20
AGGTCCGTCACCGTAA-2	19
AGTAGTCAGTCACGCC-2	23
AGTGAGGTCCACGCAG-2	21
AGTGAGGTCGATAGAA-2	10
AGTGGGATCAAACAAG-2	25
AGTGTCAAGCAATCTC-2	28
AGTGTCATCAATCTCT-2	13
ATAACGCAGTCCTCCT-2	1
ATAAGAGGTTAAAGAC-2	9
ATAAGAGGTTTAGGAA-2	21
ATCATCTGTCAACTGT-2	32
ATCCGAAAGTTAAGTG-2	35
ATCGAGTGTGATGTGG-2	24
ATGTGTGAGGCAGTCA-2	10
ATGTGTGAGGGAACGG-2	8
ATGTGTGAGGTGATAT-2	7
ATTGGACAGGCTATCT-2	30
ATTGGACGTACGACCC-2	0
CAACCAAAGACAGAGA-2	2
CAACCAACACGAAATA-2	33
CAACCTCTCTGGTATG-2	20
CAACTAGGTAGAGTGC-2	0
CAAGAAATCATAGCAC-2	27
CAAGATCAGCGGATCA-2	28
CAAGTTGGTAGGCTGA-2	19
CAAGTTGTCGGAAATA-2	23
CACAAACTCGCCAAAT-2	6
CACACAATCGCGTTTC-2	25
CACACCTAGACTACAA-2	8
CACACCTCAGCAGTTT-2	2
CACACTCAGAGAACAG-2	35
CACAGGCGTCCGTTAA-2	13
CACATAGCAGACACTT-2	23
CACATTTGTAATCACC-2	17
CACCACTCACAAGACG-2	18
CACCAGGCATTATCTC-2	30
CACTCCACAGGGAGAG-2	1
CACTCCAGTCTAGCCG-2	9
CAGAGAGAGTTCCACA-2	32
CAGAGAGCAAACGTGG-2	19
CAGATCAAGACAAAGG-2	3
CAGCAGCGTAGCAAAT-2	0
CAGCCGAAGTACTTGC-2	17
CAGCGACAGGCACATG-2	26
CAGCGACCACCATGTA-2	15
CAGCTAAAGCGTGAAC-2	13
CAGCTGGTCTTGACGA-2	11
CAGTCCTAGTAGATGT-2	12
CAGTCCTCAAAGCGGT-2	4
CAGTCCTTCACTCCTG-2	2
CAGTCCTTCTTGTATC-2	29
CATATGGCACGCGAAA-2	33
CATCAAGCAGCTTCGG-2	13
CATCCACCACCTCGGA-2	19
CATCCACTCCTATTCA-2	6
CATCGGGAGAGACTTA-2	17
CATTATCTCGAATGGG-2	28
CATTCGCGTAACGACG-2	8
CCACCTAAGTTATCGC-2	36
CCACGGAGTATTACCG-2	0
CCACTACAGACTGTAA-2	3
CCACTACCATGTAGTC-2	18
CCAGCGAGTGAGTATA-2	21
CCATGTCCAGCGTTCG-2	14
CCCAATCCACGAAAGC-2	21
CCCAGTTGTCAGAATA-2	17
CCCAGTTTCGTTACAG-2	1
CCCATACCACAGCCCA-2	15
CCCTCCTAGGGAGTAA-2	9
CCGGGATTCCAGTATG-2	23
CCGGGATTCCCAGGTG-2	0
CCGGTAGCAGCATACT-2	13
CCGTACTAGAATTGTG-2	7
CCGTTCAAGGTGTGGT-2	9
CCGTTCAGTCACTGGC-2	12
CCTAAAGGTCTAGTCA-2	19
CCTAAAGGTTCAGACT-2	3
CCTAAAGTCTGTCTCG-2	14
CCTACACGTCGAGTTT-2	4
CCTACACTCTGTTTGT-2	0
CCTATTAAGACCCACC-2	3
CCTTTCTCAGTCGATT-2	3
CGAACATAGCAGGTCA-2	35
CGAACATAGTAGCGGT-2	4
CGAACATTCTATCCCG-2	4
CGAATGTGTACCTACA-2	32
CGATGGCGTAAAGTCA-2	33
CGATGTATCGGAGCAA-2	31
CGCCAAGTCCAACCAA-2	21
CGCGTTTTCCTATTCA-2	15
CGCTATCCATTCGACA-2	15
CGCTTCAGTCTTGATG-2	26
CGGACTGGTGATGATA-2	20
CGGACTGGTTTGTGTG-2	31
CGGCTAGCAACTGCGC-2	9
CGGCTAGGTGACGCCT-2	2
CGGGTCAAGCGTCAAG-2	10
CGGGTCACACCACGTG-2	13
CGGGTCAGTATGGTTC-2	4
CGGTTAACACCGCTAG-2	0
CGGTTAATCGGTCTAA-2	12
CGTAGCGAGCTCCCAG-2	3
CGTAGGCGTGAGTGAC-2	14
CGTCACTCACCTGGTG-2	2
CGTCACTCATGCCACG-2	17
CGTCACTGTCACTGGC-2	27
CGTCTACTCTGTCTAT-2	1
CGTGAGCTCCCTAACC-2	2
CGTGTAATCTCAAGTG-2	0
CGTTGGGTCCGAGCCA-2	28
CTAACTTTCTCGTTTA-2	1
CTAAGACGTAGAGGAA-2	8
CTAAGACGTCCTCTTG-2	1
CTAAGACTCAACACTG-2	11
CTACACCGTTGAGTTC-2	0
CTACGTCAGAAAGTGG-2	20
CTACGTCAGTTCGCAT-2	37
CTACGTCCATGACATC-2	15
CTAGAGTAGATGTCGG-2	8
CTAGAGTAGCATGGCA-2	20
CTAGAGTAGCTGAAAT-2	27
CTAGTGATCTTATCTG-2	17
CTCATTAAGGAGTTTA-2	24
CTCATTATCGGAAATA-2	7
CTCATTATCTACGAGT-2	7
CTCGAGGAGCACCGTC-2	14
CTCGAGGTCTGCTTGC-2	12
CTCTAATGTTGCCTCT-2	6
CTGAAACCATCACGAT-2	13
CTGAAACGTAGCGTCC-2	7
CTGAAGTAGGTTACCT-2	17
CTGAAGTTCAACGGCC-2	0
CTGAAGTTCACAACGT-2	18
CTGATCCCAGCTGCTG-2	21
CTGCGGAGTGCAGTAG-2	26
CTGCTGTAGCCCAATT-2	20
CTGCTGTCAAGCTGAG-2	33
CTGCTGTCAGCAGTTT-2	14
CTGGTCTAGAGGACGG-2	11
CTGTGCTTCGCGCCAA-2	8
CTGTTTAAGATGGGTC-2	3
CTTAGGAAGACTAGGC-2	0
CTTGGCTGTTTGGCGC-2	9
CTTTGCGTCTCCTATA-2	1
GAAACTCGTCTGGAGA-2	37
GAAATGAAGGGTTCCC-2	28
GAAATGAGTGCTGTAT-2	7
GAAATGAGTTATGCGT-2	19
GAACATCTCCTCTAGC-2	7
GAACATCTCGAGGTAG-2	14
GAAGCAGCAGTCGTGC-2	19
GAAGCAGGTATGGTTC-2	28
GAAGCAGTCTGTGCAA-2	15
GAATGAACAGTGGAGT-2	23
GAATGAAGTTTCCACC-2	14
GACACGCCACGCGAAA-2	28
GACAGAGAGTACGCGA-2	23
GACTAACGTCTCCATC-2	18
GACTAACTCGCTGATA-2	14
GACTACATCGGCCGAT-2	12
GACTGCGTCCAGAAGG-2	28
GATCGCGAGTGGAGAA-2	25
GATCGCGCACCCAGTG-2	7
GATCGTAGTCTGCAAT-2	1
GATCTAGAGCGTTCCG-2	29
GATGCTAAGTTACGGG-2	6
GATTCAGAGAAGGGTA-2	21
GATTCAGCAATAACGA-2	2
GCAAACTGTCGCGGTT-2	3
GCAAACTTCTGGTTCC-2	10
GCATGCGTCACCCTCA-2	14
GCCAAATTCAAACCAC-2	11
GCCTCTAGTGTGTGCC-2	9
GCGACCACATCGGAAG-2	20
GCGAGAAAGAAAGTGG-2	10
GCGCAACCAGCTGTAT-2	1
GCGCAACGTATCGCAT-2	13
GCGCAGTGTAAATGTG-2	1
GCGCCAAAGCAGCCTC-2	0
GCGCCAAGTGGTTTCA-2	1
GCGCGATCAGGTCCAC-2	2
GCGCGATCATCGACGC-2	1
GCGGGTTGTACTCTCC-2	18
GCGGGTTGTCATGCCG-2	27
GCTCCTATCAGGTAAA-2	10
GCTCCTATCCGTTGCT-2	5
GCTGCAGTCCGTTGTC-2	3
GCTGCGATCCATGAAC-2	6
GCTGGGTCATGCTAGT-2	24
GCTTCCACACAGAGGT-2	7
GGAATAACATTCTTAC-2	18
GGAATAATCCCAGGTG-2	2
GGACAAGCATCATCCC-2	6
GGACAAGGTTCTGGTA-2	0
GGACAAGGTTTAGGAA-2	13
GGACAAGGTTTGTTGG-2	14
GGACAAGTCACCGGGT-2	31
GGACATTAGCTAGTTC-2	5
GGACGTCAGAAACCTA-2	14
GGAGCAACAGATGGGT-2	17
GGATTACAGTGCGTGA-2	12
GGCAATTCAATGAATG-2	13
GGCAATTGTAAACGCG-2	19
GGCCGATCACAAGTAA-2	19
GGCGACTCACTGTTAG-2	32
GGCGTGTAGATGCCAG-2	10
GGCGTGTGTACTTAGC-2	29
GGCTCGAAGATAGCAT-2	31
GGCTGGTAGGCTAGAC-2	1
GGGAATGTCACTATTC-2	32
GGGCATCAGTCATGCT-2	1
GGGTCTGTCTTCAACT-2	14
GGTATTGCACCTATCC-2	18
GGTATTGGTATAGGGC-2	2
GGTATTGTCAGAGCTT-2	0
GGTGAAGTCCTCAACC-2	30
GGTGCGTGTCCGAACC-2	0
GGTGTTACATTCCTGC-2	11
GTAACGTCAGGATCGA-2	10
GTAACTGCAAGGGTCA-2	4
GTACGTACACAACGTT-2	17
GTACGTACAGCGTCCA-2	34
GTACTCCGTGTGACCC-2	24
GTAGTCACAAGCCTAT-2	11
GTATTCTAGGATGCGT-2	7
GTATTCTTCAACACCA-2	13
GTCAAGTTCTGTTTGT-2	25
GTCCTCATCAAGAAGT-2	21
GTCGTAACACCGATAT-2	28
GTGAAGGAGCTCCTCT-2	17
GTGCAGCAGTCATGCT-2	20
GTGTGCGAGAGATGAG-2	0
GTGTGCGCACACCGCA-2	31
GTGTTAGGTCGCCATG-2	0
GTGTTAGTCCGATATG-2	14
GTTAAGCAGAATTCCC-2	3
GTTAAGCGTGGCGAAT-2	31
GTTCGGGTCACATAGC-2	18
GTTCGGGTCACCATAG-2	12
GTTCTCGAGAAAGTGG-2	34
GTTCTCGCAGGATTGG-2	11
GTTTCTAAGAGATGAG-2	15
GTTTCTATCGTCCGTT-2	0
TAAGCGTGTAGAAGGA-2	20
TAAGTGCTCGCCATAA-2	12
TACAGTGAGATATGCA-2	14
TACGGATGTAGCCTCG-2	7
TACGGTAAGAAACCAT-2	3
TACGGTAAGTGCCAGA-2	4
TACTCATGTCAGGACA-2	4
TACTTACAGAGGTAGA-2	7
TAGACCAGTAGTAGTA-2	4
TAGACCAGTGTTTGTG-2	4
TAGACCAGTTCGTTGA-2	25
TAGACCAGTTTGCATG-2	3
TAGACCATCGGTGTCG-2	18
TAGAGCTTCTCTGCTG-2	12
TAGTTGGAGTAATCCC-2	0
TATCAGGAGAAACCGC-2	28
TATCAGGCAGCATGAG-2	14
TCAACGAAGCCCTAAT-2	2
TCAACGAGTGACGCCT-2	2
TCAACGAGTGGCGAAT-2	7
TCAACGATCCTTGGTC-2	12
TCAACGATCTAACGGT-2	4
TCACAAGCATCCTAGA-2	5
TCACGAAAGTTTGCGT-2	24
TCACGAACACCCAGTG-2	28
TCACGAAGTTACGACT-2	18
TCAGATGCAGGATTGG-2	2
TCAGCTCCAAGACGTG-2	4
TCAGGATGTAGCGCTC-2	18
TCAGGTAGTCCAGTTA-2	14
TCAGGTATCAACGGCC-2	29
TCCACACAGAAGGTTT-2	9
TCCCGATTCAGCACAT-2	26
TCGAGGCAGTGACATA-2	4
TCGCGAGAGAGATGAG-2	32
TCGCGAGCATTATCTC-2	31
TCGCGAGGTCTGCCAG-2	3
TCGCGAGTCTTGCCGT-2	21
TCGCGTTGTTCCGTCT-2	18
TCGGTAATCTGGCGAC-2	0
TCGTACCAGGGTTCCC-2	7
TCGTAGAAGACTTTCG-2	2
TCGTAGAAGAGTAATC-2	19
TCGTAGAAGGTGCTAG-2	5
TCTATTGCACTGTTAG-2	11
TCTATTGGTCTAACGT-2	19
TCTATTGTCAAGAAGT-2	3
TCTATTGTCCACGTGG-2	1
TCTCTAACAGAGTGTG-2	12
TCTGGAAAGCCGATTT-2	7
TCTTCGGAGCACCGCT-2	5
TCTTTCCGTTTACTCT-2	2
TGACGGCAGGCAGGTT-2	6
TGACTAGAGCGAGAAA-2	5
TGACTTTAGGGTGTTG-2	2
TGACTTTCACTGTCGG-2	31
TGAGAGGCACGGCCAT-2	18
TGAGAGGCATTACCTT-2	0
TGAGCATGTAGGGTAC-2	24
TGAGCCGAGAAGGCCT-2	34
TGAGGGATCTCGTATT-2	30
TGCACCTAGAGACTAT-2	18
TGCACCTGTTTAGCTG-2	9
TGCCAAACAACTTGAC-2	11
TGCCAAATCTGATACG-2	10
TGCCCATGTCATCCCT-2	12
TGCCCATGTCTGATTG-2	7
TGCGGGTAGCGCTTAT-2	7
TGCGTGGCAAGACGTG-2	19
TGCTACCGTATAAACG-2	9
TGCTACCGTGAAGGCT-2	6
TGCTGCTCAAGAGGCT-2	14
TGCTGCTCACCAGGTC-2	11
TGGACGCTCGTCCGTT-2	9
TGGCGCACAGTTCATG-2	4
TGGCTGGAGATATACG-2	8
TGGGAAGAGGAGCGAG-2	29
TGGGAAGGTCCGAATT-2	0
TGGTTCCGTTCAACCA-2	20
TGTATTCGTTACCAGT-2	28
TGTCCCAAGTAGCCGA-2	13
TGTCCCATCAAGCCTA-2	18
TGTGTTTAGTGGAGAA-2	17
TGTGTTTTCGCGATCG-2	12
TGTTCCGTCCCTCAGT-2	17
TTAACTCAGTTGTAGA-2	24
TTATGCTCATACTACG-2	11
TTCCCAGAGATTACCC-2	9
TTCCCAGAGTAGGTGC-2	2
TTCCCAGTCAGCTCTC-2	17
TTCCCAGTCCTGTACC-2	4
TTCTCCTGTTGTGGCC-2	20
TTCTTAGTCGCTGATA-2	26
TTGAACGCATCAGTCA-2	3
TTGAACGTCTCTAAGG-2	17
TTGCGTCAGTTAAGTG-2	2
TTGGCAACAATAGAGT-2	7
TTTACTGCAGCCTTTC-2	10
TTTATGCCATAGGATA-2	4
TTTATGCGTTCGTGAT-2	0
TTTGCGCGTTCCTCCA-2	33
TTTGGTTTCACAACGT-2	33
AAACGGGCAAGTTAAG-3	6
AAAGATGTCCACTGGG-3	4
AAAGCAAAGGCTACGA-3	34
AAAGTAGGTCCAGTTA-3	5
AAATGCCCACCCATTC-3	1
AAATGCCGTTTCGCTC-3	8
AACACGTAGGCAGGTT-3	5
AACACGTTCATGTCTT-3	14
AACCGCGCACATCCAA-3	14
AACGTTGTCTTGAGAC-3	14
AACTCCCCAACGATCT-3	2
AACTGGTAGGATTCGG-3	7
AACTGGTTCTAACTTC-3	7
AAGACCTTCATGGTCA-3	28
AAGGCAGAGTCATGCT-3	10
AAGTCTGAGAATTGTG-3	35
AAGTCTGTCGAATGCT-3	17
AATCGGTAGTCAATAG-3	9
AATCGGTAGTGTTAGA-3	7
ACACCAAGTCAAAGAT-3	23
ACAGCCGTCTTCCTTC-3	21
ACAGCTAGTGCAGACA-3	5
ACATGGTAGCTGATAA-3	4
ACATGGTGTTGCTCCT-3	2
ACATGGTTCGTGGTCG-3	13
ACCCACTTCGAGCCCA-3	0
ACCGTAACACAGCGTC-3	9
ACCGTAAGTGAGGGTT-3	31
ACCTTTACACATCTTT-3	6
ACGAGCCAGGTGCTAG-3	9
ACGAGGAAGTATTGGA-3	5
ACGATGTAGTATTGGA-3	23
ACGCAGCAGTGGTAGC-3	20
ACGCAGCGTGCTGTAT-3	27
ACGCAGCTCTCGCTTG-3	5
ACGGGCTAGAGGTACC-3	13
ACGGGCTAGCGCTCCA-3	28
ACGGGCTGTTCAGGCC-3	7
ACGGGCTGTTCGGGCT-3	18
ACGGGCTGTTGAGGTG-3	5
ACGGGTCGTCCGAACC-3	0
ACTATCTAGAAGGACA-3	32
ACTGAACAGTTAAGTG-3	10
ACTGAACTCAGCTCTC-3	23
ACTTACTCATTTGCTT-3	12
ACTTACTGTTCAGGCC-3	10
ACTTGTTAGGGCTCTC-3	1
ACTTGTTGTTCAGGCC-3	10
ACTTTCAGTCCGAACC-3	26
AGAATAGCATTCCTCG-3	21
AGAATAGGTCTCTTTA-3	29
AGACGTTAGTGTGAAT-3	5
AGAGCGAAGATCCCAT-3	0
AGAGCGAAGTGGGTTG-3	20
AGCAGCCAGGAGCGTT-3	17
AGCAGCCAGTGACATA-3	0
AGCATACCACCTATCC-3	27
AGCATACTCCAGATCA-3	24
AGCCTAAGTCATCGGC-3	29
AGCTCCTAGGCTAGAC-3	7
AGCTCCTCAATGACCT-3	25
AGCTCCTGTACTCAAC-3	26
AGCTCTCAGACAAAGG-3	18
AGCTCTCCAGTGGAGT-3	14
AGCTCTCCATTTCAGG-3	15
AGCTCTCTCATGCTCC-3	18
AGGCCACTCCAGGGCT-3	28
AGGCCGTCAGTGGAGT-3	18
AGGGAGTGTAAGTGTA-3	15
AGGGAGTGTACTCGCG-3	13
AGGGAGTGTTCATGGT-3	33
AGGTCATAGACAAGCC-3	0
AGGTCATGTGGCAAAC-3	0
AGGTCATTCTTATCTG-3	2
AGTGAGGCATGTCGAT-3	33
AGTGGGATCGTTACGA-3	2
AGTGTCAAGCCGGTAA-3	35
AGTTGGTGTATTCTCT-3	1
AGTTGGTTCGTCTGCT-3	20
ATAAGAGTCCGAAGAG-3	7
ATAGACCTCCTGTACC-3	19
ATAGACCTCTCTGCTG-3	23
ATCCACCAGCGTGAGT-3	20
ATCCACCGTCTAGCCG-3	13
ATCCGAAGTATTAGCC-3	2
ATCTGCCCAGCTGCAC-3	10
ATCTGCCGTTCCGTCT-3	0
ATCTGCCTCTGTCTCG-3	5
ATGAGGGGTAATCGTC-3	21
ATGCGATGTCTTCGTC-3	10
ATTATCCAGGGAGTAA-3	14
ATTCTACGTCGAATCT-3	15
ATTTCTGAGATCGATA-3	14
CAACCAACAATGGTCT-3	13
CAACCTCTCACAATGC-3	28
CAACCTCTCGCAGGCT-3	4
CAACTAGAGAAGCCCA-3	5
CAAGAAACAGTATGCT-3	4
CAAGATCCATACAGCT-3	4
CAAGATCGTTAGAACA-3	7
CAAGGCCAGATCTGAA-3	24
CAAGGCCCAGTCTTCC-3	10
CAAGGCCGTATATCCG-3	14
CACAAACAGTACGCCC-3	23
CACAGGCAGTCGATAA-3	20
CACAGTAGTAAACCTC-3	15
CACAGTATCGGAGGTA-3	2
CACATAGGTTCAGGCC-3	18
CACATTTTCGGAAATA-3	14
CACCAGGAGACTGGGT-3	4
CACCAGGCAGCGATCC-3	14
CACCTTGAGCTGTTCA-3	1
CACCTTGGTCCTCCAT-3	13
CAGAGAGTCGCGTTTC-3	11
CAGCAGCAGCAATATG-3	10
CAGCCGATCACATACG-3	8
CAGCGACCACGAGAGT-3	1
CAGCGACGTTGAGGTG-3	0
CAGCTAAGTCTGCCAG-3	13
CAGCTGGCACGGCGTT-3	21
CAGCTGGCAGGGTATG-3	11
CAGCTGGGTCAGATAA-3	36
CAGGTGCGTCGGCATC-3	12
CATCAGACACATGGGA-3	1
CATCAGATCTGCTGCT-3	2
CATCCACAGAAACCTA-3	20
CATCCACCATTCCTCG-3	24
CATCGAAAGGCAGTCA-3	6
CATCGAAGTAACGTTC-3	1
CATGACAGTGGTGTAG-3	17
CATGACATCCAAGCCG-3	18
CATGGCGCACCAGTTA-3	24
CATGGCGCACGGTAAG-3	7
CATGGCGGTTAGATGA-3	20
CATTATCAGTTCGATC-3	14
CATTATCGTAATAGCA-3	5
CCACGGAAGAGACTAT-3	5
CCACGGACAGGGTTAG-3	24
CCATGTCAGCAGCGTA-3	25
CCATTCGAGCGTGAAC-3	1
CCATTCGTCCACGTGG-3	0
CCCAATCAGTGTTTGC-3	20
CCCAATCCAGCTGTGC-3	30
CCCAGTTGTTACGGAG-3	13
CCCAGTTTCGAATGCT-3	17
CCCATACAGAACTGTA-3	6
CCGGGATAGTGTACTC-3	13
CCGTGGAAGGTGCACA-3	2
CCGTTCACACAGACAG-3	4
CCGTTCACATTAGCCA-3	0
CCGTTCATCACCACCT-3	9
CCTACACCAAACGTGG-3	10
CCTACCACAGATGGGT-3	20
CCTATTATCGGAATCT-3	32
CCTATTATCTTTACAC-3	6
CCTCAGTAGACGACGT-3	11
CCTCAGTTCAGTCAGT-3	24
CCTCAGTTCTGCAAGT-3	15
CCTTACGGTTCCACGG-3	0
CCTTACGTCGTCTGCT-3	18
CCTTCCCGTTTACTCT-3	15
CCTTCCCTCAACACTG-3	8
CCTTTCTTCGGTTAAC-3	7
CGAACATCACGACGAA-3	5
CGACCTTCAATTCCTT-3	21
CGACTTCAGATGCCTT-3	14
CGACTTCCAATTCCTT-3	8
CGACTTCCAGGTCCAC-3	19
CGAGCACCATGGGAAC-3	5
CGAGCCAGTCGTCTTC-3	29
CGAGCCAGTTGGGACA-3	13
CGAGCCATCCTTTACA-3	0
CGATGGCCACAACTGT-3	0
CGATGGCCACGAAATA-3	34
CGATGGCTCACAGTAC-3	4
CGATGTAAGACGCTTT-3	12
CGATTGATCATCTGCC-3	19
CGCCAAGTCATTGCCC-3	5
CGCCAAGTCTGCTTGC-3	19
CGCGTTTCATCTACGA-3	11
CGCTATCCACGCTTTC-3	27
CGGACGTAGGCAAAGA-3	10
CGGACGTGTGTGCGTC-3	15
CGGACTGAGTCCAGGA-3	4
CGGAGCTGTCTAGTCA-3	5
CGGAGCTTCACAATGC-3	15
CGGAGTCAGTTCGATC-3	10
CGGAGTCGTAGGCTGA-3	9
CGGCTAGGTACTCGCG-3	30
CGGGTCAAGTATTGGA-3	1
CGGTTAACACCTCGTT-3	2
CGTAGGCGTACTCGCG-3	8
CGTCACTAGTGTTAGA-3	1
CGTCACTCAAGCCTAT-3	31
CGTCACTGTAGCCTCG-3	4
CGTCACTTCGGTTAAC-3	6
CGTGAGCCAGCATACT-3	8
CGTGTCTGTGTGACGA-3	8
CGTGTCTTCCCAACGG-3	14
CGTTAGAGTGAAGGCT-3	10
CGTTAGATCTCTTATG-3	4
CGTTGGGCAGTCAGAG-3	1
CTAACTTAGCACCGTC-3	25
CTAAGACCATCTCGCT-3	4
CTAAGACTCCTACAGA-3	14
CTAAGACTCTACCTGC-3	6
CTACACCGTGCAACTT-3	7
CTACATTGTAGCTAAA-3	25
CTACCCATCGTGGGAA-3	29
CTACCCATCTCGTATT-3	8
CTAGAGTAGCTGCAAG-3	21
CTAGCCTCAAAGGTGC-3	8
CTAGCCTGTCGAGTTT-3	6
CTAGTGAGTAAATGAC-3	9
CTCACACCAGACAGGT-3	30
CTCACACTCCGCAAGC-3	13
CTCAGAAAGTGAATTG-3	8
CTCAGAACATATACCG-3	2
CTCAGAAGTTAAGAAC-3	24
CTCAGAATCTCGATGA-3	19
CTCATTAAGTGGTCCC-3	11
CTCGAGGAGAAGGTGA-3	32
CTCGGGATCTATCCCG-3	3
CTCGTACGTAACGTTC-3	4
CTCGTCAGTCTTTCAT-3	31
CTCTAATAGAGGTACC-3	0
CTCTAATCAATGTAAG-3	31
CTCTACGGTCAATGTC-3	9
CTCTGGTCACGGATAG-3	19
CTCTGGTTCCAAACTG-3	24
CTGAAGTGTACAGACG-3	3
CTGATAGGTTATGTGC-3	11
CTGATCCTCTCTGTCG-3	13
CTGTGCTTCTCTAGGA-3	8
CTGTTTAAGTGCAAGC-3	26
CTTACCGCATACAGCT-3	23
CTTGGCTCACGCCAGT-3	27
CTTGGCTCAGGCAGTA-3	12
CTTGGCTTCCTATTCA-3	24
CTTTGCGCATATACCG-3	21
GAACATCAGGGATCTG-3	8
GAACATCCACATTAGC-3	12
GAACCTAAGTGCCATT-3	14
GAACGGACACACTGCG-3	11
GAAGCAGTCCGAACGC-3	2
GAATAAGTCACCTTAT-3	2
GAATGAATCCTTTCTC-3	11
GACACGCAGCACGCCT-3	15
GACACGCAGGATCGCA-3	15
GACACGCGTGGCCCTA-3	5
GACAGAGAGTGCTGCC-3	20
GACGGCTCATGCCACG-3	15
GACGGCTGTGCACTTA-3	14
GACGGCTTCCCAAGTA-3	30
GACGGCTTCGCGGATC-3	27
GACGTTAAGTCTCAAC-3	13
GACGTTACACATTAGC-3	31
GACGTTATCTGTGCAA-3	10
GACTAACAGTGTGGCA-3	34
GACTAACCACAGAGGT-3	13
GACTAACGTAAATGTG-3	0
GACTAACGTATTCGTG-3	21
GACTGCGAGTCCCACG-3	1
GAGTCCGCAAAGGAAG-3	2
GATCAGTAGCGTGAGT-3	35
GATCAGTCAAGTCTGT-3	23
GATCAGTGTACAGTTC-3	11
GATCGATCAGACTCGC-3	11
GATCGTACAGCCAGAA-3	5
GATCGTATCTGCAGTA-3	30
GATCTAGAGGTGCTTT-3	19
GATCTAGGTAGCAAAT-3	18
GATGAAAGTCTTCTCG-3	3
GATGAGGGTAAGGGCT-3	2
GATGCTACATTAGCCA-3	13
GATTCAGGTTCCATGA-3	7
GCAAACTCAAGCTGAG-3	7
GCAAACTCAGCTCGAC-3	23
GCAATCAAGTGTCTCA-3	29
GCACTCTTCGAATGGG-3	20
GCAGCCATCGTCGTTC-3	0
GCAGTTACACGGCTAC-3	2
GCATACACAGTAAGAT-3	26
GCATACATCAGGCGAA-3	3
GCATGATTCAGAGACG-3	3
GCCAAATCATCAGTCA-3	29
GCCTCTACAAGCCCAC-3	1
GCCTCTACACGACTCG-3	32
GCCTCTACAGACGTAG-3	12
GCCTCTAGTTAGTGGG-3	4
GCCTCTATCTCGCATC-3	4
GCGAGAAGTACTCGCG-3	23
GCGCAACAGTAGGCCA-3	14
GCGCAACCAGATGGGT-3	12
GCGCCAAGTTCGCTAA-3	1
GCGCGATCAAGCTGAG-3	3
GCTCCTACAGTGGGAT-3	27
GCTCTGTCACCTGGTG-3	3
GCTCTGTCAGACGTAG-3	8
GCTGCAGCATGGAATA-3	0
GCTGCAGTCACAGTAC-3	9
GCTGCGAGTCAAACTC-3	14
GCTGGGTAGAATTCCC-3	15
GCTGGGTAGTCCATAC-3	0
GCTTCCAAGTTCGCGC-3	10
GCTTGAATCTTTAGTC-3	6
GGAAAGCAGGACACCA-3	31
GGAACTTCAATTCCTT-3	1
GGACAGAGTGAAAGAG-3	4
GGACAGAGTTCGCTAA-3	3
GGACAGATCTCAAGTG-3	4
GGACAGATCTCCAACC-3	27
GGATGTTGTATTACCG-3	0
GGCCGATAGCAACGGT-3	10
GGCGTGTAGAGAACAG-3	8
GGCTCGAGTAGAGGAA-3	24
GGCTCGATCTTCGGTC-3	3
GGCTGGTCACTACAGT-3	12
GGCTGGTGTTATCGGT-3	11
GGGAATGCACGGCGTT-3	6
GGGAGATCAGCCTTTC-3	3
GGGAGATGTCGAAAGC-3	7
GGGAGATTCTGGCGAC-3	10
GGGATGACAGCTGTAT-3	17
GGGATGAGTGTGACCC-3	20
GGGCACTAGACAAGCC-3	2
GGGCATCTCATTGCCC-3	14
GGGTCTGTCCTGCAGG-3	11
GGTGAAGAGACTAGGC-3	34
GGTGTTAAGATTACCC-3	8
GGTGTTATCCGATATG-3	26
GTAACTGGTCGGGTCT-3	11
GTACGTAAGCCGCCTA-3	25
GTACGTAAGGAATTAC-3	8
GTACGTAGTTCCTCCA-3	1
GTAGGCCTCGTCCGTT-3	19
GTAGTCACAAGTCATC-3	19
GTAGTCACAGTACACT-3	4
GTATCTTGTCGATTGT-3	10
GTATTCTCATGTTCCC-3	26
GTATTCTTCACTTCAT-3	0
GTCCTCACAGATCTGT-3	32
GTCGGGTCATCCGGGT-3	13
GTCGGGTGTCTTGTCC-3	2
GTCTCGTGTTAAGGGC-3	19
GTGAAGGAGAGGTACC-3	3
GTGCATAAGTGCCAGA-3	11
GTGCGGTGTTCGGGCT-3	5
GTGGGTCCATGGTCTA-3	13
GTGTGCGTCGCATGGC-3	8
GTGTTAGGTTGGTGGA-3	11
GTTAAGCAGGATATAC-3	24
GTTAAGCGTAGAGTGC-3	18
GTTAAGCTCACTATTC-3	32
GTTAAGCTCTGTCCGT-3	7
GTTCGGGGTGCCTGTG-3	15
GTTCTCGCAAAGGTGC-3	13
TAAACCGGTTACCAGT-3	8
TAAACCGTCCGTACAA-3	3
TAAACCGTCGCCTGAG-3	12
TAAGAGAGTAAATGAC-3	14
TACACGAGTTACCGAT-3	7
TACACGATCTGTCAAG-3	21
TACAGTGGTTGGAGGT-3	10
TACCTTAAGATGAGAG-3	29
TACCTTACATGGGACA-3	15
TACGGGCTCAGCTTAG-3	4
TACGGTAGTATATGAG-3	10
TACGGTATCAAGATCC-3	36
TACTCATAGCAATATG-3	5
TACTCATAGGCAGTCA-3	20
TACTCATAGTGTACCT-3	23
TACTCATGTGTTCTTT-3	17
TACTTACCAGCCTATA-3	1
TAGACCACAGTGACAG-3	12
TAGAGCTAGGTGACCA-3	1
TAGAGCTCACCAGATT-3	9
TAGAGCTTCGGCATCG-3	1
TAGCCGGCAGGGTACA-3	28
TAGGCATAGCGTGAGT-3	17
TAGGCATCATTCTCAT-3	25
TAGGCATTCGGAGGTA-3	11
TAGTGGTCACTTAAGC-3	26
TAGTGGTCAGTCACTA-3	32
TAGTGGTGTAGCGCAA-3	17
TAGTGGTGTTCTCATT-3	18
TAGTTGGTCCGAACGC-3	26
TATCAGGTCATTATCC-3	23
TATCTCAAGCTGTCTA-3	14
TATCTCAAGCTTTGGT-3	24
TATCTCAAGGTCGGAT-3	12
TATTACCCATAACCTG-3	26
TCAACGAAGTGTTTGC-3	5
TCAGATGAGCTAACAA-3	13
TCAGATGGTCTAGTGT-3	11
TCAGCAACAAGCGTAG-3	2
TCAGGATGTGTAATGA-3	10
TCAGGATTCACTTCAT-3	4
TCAGGATTCCTCATTA-3	0
TCAGGTAAGCGCTTAT-3	21
TCATTACGTACAGTGG-3	5
TCATTTGAGAACAATC-3	20
TCATTTGTCGCTAGCG-3	5
TCCACACCAATAGAGT-3	12
TCCACACGTCACTTCC-3	12
TCGCGAGGTAATCACC-3	0
TCGCGTTGTTGACGTT-3	9
TCGGGACTCAGGTAAA-3	9
TCGGTAAAGGTGACCA-3	15
TCGGTAATCTGGAGCC-3	6
TCGTACCCACGTCTCT-3	0
TCGTACCCAGATCCAT-3	33
TCTCATAAGAGGTAGA-3	8
TCTGAGATCCTGCTTG-3	1
TCTTCGGCACAACGTT-3	14
TGACAACTCAGCAACT-3	8
TGACAACTCATTTGGG-3	11
TGACGGCCATTCCTCG-3	26
TGACTAGCACCTTGTC-3	21
TGACTAGCACGAAAGC-3	1
TGACTTTGTGGTGTAG-3	11
TGAGAGGCAAATCCGT-3	0
TGAGAGGCATATGAGA-3	0
TGAGAGGTCGTGACAT-3	7
TGAGGGAAGTGTGGCA-3	32
TGATTTCCATGCATGT-3	3
TGATTTCGTTACAGAA-3	7
TGATTTCTCCAATGGT-3	12
TGCACCTCATTGGCGC-3	2
TGCCAAAAGTCGATAA-3	2
TGCCAAAGTCTCATCC-3	18
TGCCCTACATGGTTGT-3	3
TGCGGGTAGATGTGGC-3	23
TGCGGGTAGTGCAAGC-3	2
TGCGGGTTCCCATTAT-3	0
TGCGTGGCACACTGCG-3	1
TGCTGCTTCCACGACG-3	14
TGGACGCGTGGTCTCG-3	27
TGGCGCAAGAGTGACC-3	13
TGGGAAGCAAGTAGTA-3	2
TGGTTAGCAATCACAC-3	29
TGGTTAGCAGTGAGTG-3	36
TGTATTCCATCCAACA-3	24
TGTATTCTCATCTGCC-3	19
TGTATTCTCCCGGATG-3	9
TGTCCCATCCTTCAAT-3	24
TGTGGTAAGTACGCGA-3	1
TGTGGTACATTTGCCC-3	10
TGTGGTAGTCGTGGCT-3	6
TGTGGTATCTTTAGTC-3	11
TGTTCCGAGCGATCCC-3	5
TTAACTCTCTGTCTAT-3	9
TTAGGACAGTGAAGTT-3	20
TTAGGACTCTAACCGA-3	10
TTAGTTCTCGGTCCGA-3	5
TTATGCTAGTAAGTAC-3	27
TTATGCTAGTTTCCTT-3	9
TTCCCAGAGTGTACCT-3	26
TTCCCAGTCGCAGGCT-3	19
TTCTACAAGTGAACGC-3	5
TTCTACACACGACTCG-3	3
TTCTCAAAGAGTGAGA-3	7
TTCTCCTAGTTACCCA-3	8
TTCTTAGCACGTTGGC-3	29
TTGAACGAGGGCATGT-3	32
TTGACTTCAAAGGAAG-3	26
TTGACTTGTCATCCCT-3	1
TTGACTTGTCGTCTTC-3	8
TTGCCGTAGGCCGAAT-3	15
TTGCGTCCATTGCGGC-3	5
TTGCGTCGTGGTGTAG-3	3
TTGGAACTCGAGGTAG-3	24
TTGTAGGGTATATGGA-3	2
TTTATGCGTAGGGTAC-3	33
TTTCCTCTCCACGAAT-3	17
TTTGCGCGTACTCGCG-3	31
TTTGGTTAGGCATGGT-3	10
